x;valor;;
0.2;8.820947583;;
0.9;10.49976387;;
1.3;11.12673702;;
1.8;12.96167697;;
1.9;12.87915943;;
2.1;13.67349817;;
2.2;14.04477908;;
3.8;20.82237345;;
7.1;43.00782947;;
