index;x;y;dist;angle
0;10.21;14.27;6.572702093;47.59455909
1;19.42;13.74;7.473333022;133.5524969
2;12.98;24.23;5.712151617;-73.71895645
3;10.87;12.13;7.893677786;62.2416699
4;16.24;20.67;2.472095237;224.8666492
